zone;X;Y;time;idleDRTVehicles
248;455000.0;5741000.0;0.0;0
248;455000.0;5741000.0;0.0;1
248;455000.0;5741000.0;0.0;2
248;455000.0;5741000.0;21153.0;1
248;455000.0;5741000.0;21755.0;0
248;455000.0;5741000.0;30163.0;1
248;455000.0;5741000.0;30213.0;2
248;455000.0;5741000.0;30643.0;1
248;455000.0;5741000.0;31077.0;2
248;455000.0;5741000.0;31328.0;3
248;455000.0;5741000.0;31413.0;4
248;455000.0;5741000.0;31685.0;5
248;455000.0;5741000.0;32015.0;6
248;455000.0;5741000.0;51214.0;7
248;455000.0;5741000.0;51437.0;6
248;455000.0;5741000.0;52013.0;5
248;455000.0;5741000.0;53116.0;4
248;455000.0;5741000.0;53252.0;3
248;455000.0;5741000.0;53709.0;2
248;455000.0;5741000.0;53790.0;1
248;455000.0;5741000.0;54293.0;0
248;455000.0;5741000.0;57160.0;1
248;455000.0;5741000.0;57526.0;0
248;455000.0;5741000.0;58986.0;1
248;455000.0;5741000.0;59456.0;2
248;455000.0;5741000.0;59746.0;1
248;455000.0;5741000.0;60025.0;2
248;455000.0;5741000.0;60205.0;3
248;455000.0;5741000.0;60446.0;4
248;455000.0;5741000.0;60670.0;5
248;455000.0;5741000.0;60884.0;4
248;455000.0;5741000.0;61451.0;5
248;455000.0;5741000.0;61637.0;4
248;455000.0;5741000.0;61844.0;5
248;455000.0;5741000.0;62004.0;6
248;455000.0;5741000.0;62116.0;7
248;455000.0;5741000.0;64480.0;8
248;455000.0;5741000.0;64548.0;7
248;455000.0;5741000.0;67072.0;8
248;455000.0;5741000.0;86400.0;7
248;455000.0;5741000.0;86400.0;6
248;455000.0;5741000.0;86400.0;5
248;455000.0;5741000.0;86400.0;4
248;455000.0;5741000.0;86400.0;3
248;455000.0;5741000.0;86400.0;2
248;455000.0;5741000.0;86400.0;1
248;455000.0;5741000.0;86400.0;0
414;467000.0;5725000.0;0.0;0
331;461000.0;5733000.0;0.0;0
558;477000.0;5723000.0;0.0;0
557;477000.0;5721000.0;0.0;0
557;477000.0;5721000.0;0.0;1
557;477000.0;5721000.0;86400.0;0
280;457000.0;5747000.0;0.0;0
510;473000.0;5743000.0;0.0;0
337;461000.0;5745000.0;0.0;0
337;461000.0;5745000.0;0.0;1
337;461000.0;5745000.0;0.0;2
337;461000.0;5745000.0;0.0;3
337;461000.0;5745000.0;0.0;4
337;461000.0;5745000.0;0.0;5
337;461000.0;5745000.0;25285.0;4
337;461000.0;5745000.0;25393.0;3
337;461000.0;5745000.0;25796.0;2
337;461000.0;5745000.0;25910.0;1
337;461000.0;5745000.0;56618.0;0
19;439000.0;5747000.0;0.0;0
201;451000.0;5763000.0;0.0;0
485;471000.0;5751000.0;0.0;0
103;445000.0;5741000.0;0.0;0
379;465000.0;5713000.0;0.0;0
95;445000.0;5725000.0;0.0;0
590;479000.0;5729000.0;0.0;0
185;451000.0;5731000.0;0.0;0
185;451000.0;5731000.0;0.0;1
185;451000.0;5731000.0;23899.0;2
185;451000.0;5731000.0;24325.0;3
185;451000.0;5731000.0;25062.0;2
185;451000.0;5731000.0;25182.0;1
185;451000.0;5731000.0;25454.0;0
185;451000.0;5731000.0;59209.0;1
185;451000.0;5731000.0;59240.0;0
185;451000.0;5731000.0;62096.0;1
185;451000.0;5731000.0;62402.0;0
500;473000.0;5723000.0;0.0;0
500;473000.0;5723000.0;0.0;1
500;473000.0;5723000.0;86400.0;0
499;473000.0;5721000.0;0.0;0
499;473000.0;5721000.0;0.0;1
499;473000.0;5721000.0;0.0;2
499;473000.0;5721000.0;86400.0;1
499;473000.0;5721000.0;86400.0;0
308;459000.0;5745000.0;0.0;0
308;459000.0;5745000.0;0.0;1
308;459000.0;5745000.0;24329.0;0
299;459000.0;5727000.0;0.0;0
618;481000.0;5727000.0;0.0;0
511;473000.0;5745000.0;0.0;0
422;467000.0;5741000.0;0.0;0
205;453000.0;5713000.0;0.0;0
572;477000.0;5751000.0;0.0;0
572;477000.0;5751000.0;0.0;1
572;477000.0;5751000.0;0.0;2
572;477000.0;5751000.0;86400.0;1
572;477000.0;5751000.0;86400.0;0
339;461000.0;5749000.0;0.0;0
339;461000.0;5749000.0;0.0;1
339;461000.0;5749000.0;58527.0;0
63;443000.0;5719000.0;0.0;0
79;443000.0;5751000.0;0.0;0
305;459000.0;5739000.0;0.0;0
281;457000.0;5749000.0;0.0;0
438;469000.0;5715000.0;0.0;0
468;471000.0;5717000.0;0.0;0
468;471000.0;5717000.0;0.0;1
468;471000.0;5717000.0;0.0;2
468;471000.0;5717000.0;86400.0;1
468;471000.0;5717000.0;86400.0;0
352;463000.0;5717000.0;0.0;0
302;459000.0;5733000.0;0.0;0
302;459000.0;5733000.0;31512.0;1
302;459000.0;5733000.0;52865.0;0
302;459000.0;5733000.0;65292.0;1
302;459000.0;5733000.0;86400.0;0
423;467000.0;5743000.0;0.0;0
393;465000.0;5741000.0;0.0;0
447;469000.0;5733000.0;0.0;0
447;469000.0;5733000.0;0.0;1
447;469000.0;5733000.0;86400.0;0
221;453000.0;5745000.0;0.0;0
221;453000.0;5745000.0;23293.0;1
221;453000.0;5745000.0;23668.0;2
221;453000.0;5745000.0;24217.0;1
221;453000.0;5745000.0;24700.0;2
221;453000.0;5745000.0;24977.0;1
221;453000.0;5745000.0;25317.0;2
221;453000.0;5745000.0;25644.0;1
221;453000.0;5745000.0;25866.0;0
221;453000.0;5745000.0;30770.0;1
221;453000.0;5745000.0;30821.0;0
221;453000.0;5745000.0;60472.0;1
221;453000.0;5745000.0;62161.0;2
221;453000.0;5745000.0;62250.0;1
221;453000.0;5745000.0;63899.0;2
221;453000.0;5745000.0;86400.0;1
221;453000.0;5745000.0;86400.0;0
187;451000.0;5735000.0;0.0;0
187;451000.0;5735000.0;0.0;1
187;451000.0;5735000.0;0.0;2
187;451000.0;5735000.0;0.0;3
187;451000.0;5735000.0;21318.0;4
187;451000.0;5735000.0;21528.0;5
187;451000.0;5735000.0;22457.0;4
187;451000.0;5735000.0;22480.0;5
187;451000.0;5735000.0;23082.0;4
187;451000.0;5735000.0;24839.0;3
187;451000.0;5735000.0;24961.0;2
187;451000.0;5735000.0;25174.0;1
187;451000.0;5735000.0;25283.0;0
187;451000.0;5735000.0;30951.0;1
187;451000.0;5735000.0;31446.0;0
187;451000.0;5735000.0;31842.0;1
187;451000.0;5735000.0;31866.0;2
187;451000.0;5735000.0;31920.0;3
187;451000.0;5735000.0;32527.0;4
187;451000.0;5735000.0;32659.0;3
187;451000.0;5735000.0;33018.0;4
187;451000.0;5735000.0;33604.0;5
187;451000.0;5735000.0;51331.0;4
187;451000.0;5735000.0;52701.0;3
187;451000.0;5735000.0;53187.0;2
187;451000.0;5735000.0;53432.0;1
187;451000.0;5735000.0;53517.0;0
187;451000.0;5735000.0;61153.0;1
187;451000.0;5735000.0;61225.0;2
187;451000.0;5735000.0;61714.0;3
187;451000.0;5735000.0;63175.0;4
187;451000.0;5735000.0;64160.0;5
187;451000.0;5735000.0;64816.0;6
187;451000.0;5735000.0;65122.0;7
187;451000.0;5735000.0;65756.0;8
187;451000.0;5735000.0;86400.0;7
187;451000.0;5735000.0;86400.0;6
187;451000.0;5735000.0;86400.0;5
187;451000.0;5735000.0;86400.0;4
187;451000.0;5735000.0;86400.0;3
187;451000.0;5735000.0;86400.0;2
187;451000.0;5735000.0;86400.0;1
187;451000.0;5735000.0;86400.0;0
101;445000.0;5737000.0;0.0;0
274;457000.0;5735000.0;0.0;0
274;457000.0;5735000.0;0.0;1
274;457000.0;5735000.0;0.0;2
274;457000.0;5735000.0;0.0;3
274;457000.0;5735000.0;20321.0;2
274;457000.0;5735000.0;22361.0;3
274;457000.0;5735000.0;23086.0;4
274;457000.0;5735000.0;23501.0;3
274;457000.0;5735000.0;23713.0;2
274;457000.0;5735000.0;24040.0;1
274;457000.0;5735000.0;24131.0;0
274;457000.0;5735000.0;31240.0;1
274;457000.0;5735000.0;31535.0;0
274;457000.0;5735000.0;31871.0;1
274;457000.0;5735000.0;33043.0;2
274;457000.0;5735000.0;33196.0;3
274;457000.0;5735000.0;34190.0;4
274;457000.0;5735000.0;35358.0;5
274;457000.0;5735000.0;52042.0;4
274;457000.0;5735000.0;53031.0;5
274;457000.0;5735000.0;53114.0;6
274;457000.0;5735000.0;53294.0;5
274;457000.0;5735000.0;53482.0;4
274;457000.0;5735000.0;53643.0;3
274;457000.0;5735000.0;53716.0;2
274;457000.0;5735000.0;53718.0;1
274;457000.0;5735000.0;53908.0;0
274;457000.0;5735000.0;60980.0;1
274;457000.0;5735000.0;61164.0;0
274;457000.0;5735000.0;62451.0;1
274;457000.0;5735000.0;62614.0;2
274;457000.0;5735000.0;62914.0;1
274;457000.0;5735000.0;66494.0;2
274;457000.0;5735000.0;66651.0;3
274;457000.0;5735000.0;86400.0;2
274;457000.0;5735000.0;86400.0;1
274;457000.0;5735000.0;86400.0;0
431;467000.0;5759000.0;0.0;0
431;467000.0;5759000.0;0.0;1
431;467000.0;5759000.0;86400.0;0
430;467000.0;5757000.0;0.0;0
212;453000.0;5727000.0;0.0;0
251;455000.0;5747000.0;0.0;0
429;467000.0;5755000.0;0.0;0
334;461000.0;5739000.0;0.0;0
358;463000.0;5729000.0;0.0;0
358;463000.0;5729000.0;0.0;1
358;463000.0;5729000.0;0.0;2
358;463000.0;5729000.0;0.0;3
358;463000.0;5729000.0;26685.0;2
358;463000.0;5729000.0;28036.0;1
358;463000.0;5729000.0;56664.0;0
575;477000.0;5757000.0;0.0;0
456;469000.0;5751000.0;0.0;0
417;467000.0;5731000.0;0.0;0
506;473000.0;5735000.0;0.0;0
506;473000.0;5735000.0;0.0;1
506;473000.0;5735000.0;86400.0;0
391;465000.0;5737000.0;0.0;0
391;465000.0;5737000.0;28086.0;1
391;465000.0;5737000.0;55071.0;0
244;455000.0;5733000.0;0.0;0
244;455000.0;5733000.0;0.0;1
244;455000.0;5733000.0;0.0;2
244;455000.0;5733000.0;0.0;3
244;455000.0;5733000.0;0.0;4
244;455000.0;5733000.0;0.0;5
244;455000.0;5733000.0;0.0;6
244;455000.0;5733000.0;0.0;7
244;455000.0;5733000.0;20988.0;6
244;455000.0;5733000.0;21819.0;5
244;455000.0;5733000.0;22597.0;4
244;455000.0;5733000.0;23036.0;3
244;455000.0;5733000.0;23578.0;2
244;455000.0;5733000.0;23862.0;1
244;455000.0;5733000.0;24323.0;0
244;455000.0;5733000.0;30266.0;1
244;455000.0;5733000.0;30487.0;2
244;455000.0;5733000.0;30568.0;1
244;455000.0;5733000.0;30901.0;0
244;455000.0;5733000.0;31650.0;1
244;455000.0;5733000.0;33017.0;2
244;455000.0;5733000.0;50067.0;3
244;455000.0;5733000.0;52416.0;4
244;455000.0;5733000.0;52482.0;3
244;455000.0;5733000.0;53625.0;2
244;455000.0;5733000.0;53688.0;1
244;455000.0;5733000.0;54189.0;0
244;455000.0;5733000.0;62104.0;1
244;455000.0;5733000.0;62180.0;0
244;455000.0;5733000.0;63772.0;1
244;455000.0;5733000.0;64717.0;0
244;455000.0;5733000.0;65146.0;1
244;455000.0;5733000.0;65191.0;2
244;455000.0;5733000.0;66136.0;1
244;455000.0;5733000.0;67160.0;2
244;455000.0;5733000.0;67756.0;3
244;455000.0;5733000.0;68450.0;4
244;455000.0;5733000.0;86400.0;3
244;455000.0;5733000.0;86400.0;2
244;455000.0;5733000.0;86400.0;1
244;455000.0;5733000.0;86400.0;0
72;443000.0;5737000.0;0.0;0
106;445000.0;5747000.0;0.0;0
630;481000.0;5751000.0;0.0;0
570;477000.0;5747000.0;0.0;0
395;465000.0;5745000.0;0.0;0
395;465000.0;5745000.0;0.0;1
395;465000.0;5745000.0;86400.0;0
466;471000.0;5713000.0;0.0;0
123;447000.0;5723000.0;0.0;0
123;447000.0;5723000.0;0.0;1
123;447000.0;5723000.0;0.0;2
123;447000.0;5723000.0;0.0;3
123;447000.0;5723000.0;26117.0;2
123;447000.0;5723000.0;26338.0;1
123;447000.0;5723000.0;26417.0;0
632;481000.0;5755000.0;0.0;0
219;453000.0;5741000.0;0.0;0
219;453000.0;5741000.0;32812.0;1
219;453000.0;5741000.0;52254.0;0
219;453000.0;5741000.0;61643.0;1
219;453000.0;5741000.0;63624.0;0
219;453000.0;5741000.0;64997.0;1
219;453000.0;5741000.0;70811.0;2
219;453000.0;5741000.0;86400.0;1
219;453000.0;5741000.0;86400.0;0
549;475000.0;5763000.0;0.0;0
268;457000.0;5723000.0;0.0;0
268;457000.0;5723000.0;0.0;1
268;457000.0;5723000.0;26117.0;0
235;455000.0;5715000.0;0.0;0
616;481000.0;5723000.0;0.0;0
35;441000.0;5721000.0;0.0;0
409;467000.0;5715000.0;0.0;0
363;463000.0;5739000.0;0.0;0
363;463000.0;5739000.0;0.0;1
363;463000.0;5739000.0;60548.0;0
75;443000.0;5743000.0;0.0;0
75;443000.0;5743000.0;0.0;1
75;443000.0;5743000.0;86400.0;0
78;443000.0;5749000.0;0.0;0
603;479000.0;5755000.0;0.0;0
134;447000.0;5745000.0;0.0;0
161;449000.0;5741000.0;0.0;0
497;473000.0;5717000.0;0.0;0
484;471000.0;5749000.0;0.0;0
362;463000.0;5737000.0;0.0;0
362;463000.0;5737000.0;24195.0;1
362;463000.0;5737000.0;26648.0;2
362;463000.0;5737000.0;29824.0;3
362;463000.0;5737000.0;30122.0;4
362;463000.0;5737000.0;32141.0;5
362;463000.0;5737000.0;32274.0;6
362;463000.0;5737000.0;32301.0;7
362;463000.0;5737000.0;33339.0;8
362;463000.0;5737000.0;53204.0;7
362;463000.0;5737000.0;56010.0;6
362;463000.0;5737000.0;56559.0;5
362;463000.0;5737000.0;56803.0;4
362;463000.0;5737000.0;56907.0;3
362;463000.0;5737000.0;59560.0;2
362;463000.0;5737000.0;59893.0;1
362;463000.0;5737000.0;60135.0;0
303;459000.0;5735000.0;0.0;0
303;459000.0;5735000.0;20748.0;1
303;459000.0;5735000.0;22368.0;0
303;459000.0;5735000.0;23779.0;1
303;459000.0;5735000.0;24096.0;0
303;459000.0;5735000.0;26827.0;1
303;459000.0;5735000.0;27084.0;0
303;459000.0;5735000.0;27553.0;1
303;459000.0;5735000.0;27995.0;0
303;459000.0;5735000.0;30533.0;1
303;459000.0;5735000.0;30578.0;2
303;459000.0;5735000.0;30956.0;3
303;459000.0;5735000.0;32122.0;4
303;459000.0;5735000.0;32922.0;5
303;459000.0;5735000.0;33873.0;6
303;459000.0;5735000.0;34121.0;7
303;459000.0;5735000.0;51403.0;6
303;459000.0;5735000.0;51820.0;5
303;459000.0;5735000.0;51868.0;6
303;459000.0;5735000.0;52204.0;5
303;459000.0;5735000.0;52964.0;4
303;459000.0;5735000.0;53068.0;3
303;459000.0;5735000.0;53424.0;2
303;459000.0;5735000.0;53760.0;1
303;459000.0;5735000.0;54708.0;0
303;459000.0;5735000.0;55711.0;1
303;459000.0;5735000.0;56086.0;0
303;459000.0;5735000.0;57514.0;1
303;459000.0;5735000.0;58014.0;0
303;459000.0;5735000.0;59452.0;1
303;459000.0;5735000.0;60881.0;2
303;459000.0;5735000.0;60916.0;3
303;459000.0;5735000.0;61228.0;4
303;459000.0;5735000.0;61572.0;5
303;459000.0;5735000.0;61980.0;4
303;459000.0;5735000.0;62396.0;5
303;459000.0;5735000.0;62405.0;6
303;459000.0;5735000.0;62655.0;7
303;459000.0;5735000.0;63086.0;8
303;459000.0;5735000.0;63640.0;7
303;459000.0;5735000.0;64658.0;6
303;459000.0;5735000.0;64807.0;7
303;459000.0;5735000.0;67356.0;6
303;459000.0;5735000.0;68360.0;7
303;459000.0;5735000.0;71043.0;8
303;459000.0;5735000.0;72098.0;9
303;459000.0;5735000.0;86400.0;8
303;459000.0;5735000.0;86400.0;7
303;459000.0;5735000.0;86400.0;6
303;459000.0;5735000.0;86400.0;5
303;459000.0;5735000.0;86400.0;4
303;459000.0;5735000.0;86400.0;3
303;459000.0;5735000.0;86400.0;2
303;459000.0;5735000.0;86400.0;1
303;459000.0;5735000.0;86400.0;0
41;441000.0;5733000.0;0.0;0
398;465000.0;5751000.0;0.0;0
275;457000.0;5737000.0;0.0;0
275;457000.0;5737000.0;0.0;1
275;457000.0;5737000.0;0.0;2
275;457000.0;5737000.0;0.0;3
275;457000.0;5737000.0;21051.0;2
275;457000.0;5737000.0;21186.0;3
275;457000.0;5737000.0;22020.0;4
275;457000.0;5737000.0;22504.0;3
275;457000.0;5737000.0;22836.0;4
275;457000.0;5737000.0;23196.0;3
275;457000.0;5737000.0;23290.0;2
275;457000.0;5737000.0;23384.0;1
275;457000.0;5737000.0;23394.0;0
275;457000.0;5737000.0;30297.0;1
275;457000.0;5737000.0;30363.0;0
275;457000.0;5737000.0;31375.0;1
275;457000.0;5737000.0;31523.0;2
275;457000.0;5737000.0;31824.0;3
275;457000.0;5737000.0;34302.0;4
275;457000.0;5737000.0;50563.0;3
275;457000.0;5737000.0;52344.0;4
275;457000.0;5737000.0;52357.0;3
275;457000.0;5737000.0;52461.0;2
275;457000.0;5737000.0;52671.0;1
275;457000.0;5737000.0;52840.0;0
275;457000.0;5737000.0;54342.0;1
275;457000.0;5737000.0;54489.0;0
275;457000.0;5737000.0;58277.0;1
275;457000.0;5737000.0;58361.0;0
275;457000.0;5737000.0;59836.0;1
275;457000.0;5737000.0;60844.0;2
275;457000.0;5737000.0;61350.0;3
275;457000.0;5737000.0;61702.0;4
275;457000.0;5737000.0;61837.0;5
275;457000.0;5737000.0;61855.0;6
275;457000.0;5737000.0;62130.0;7
275;457000.0;5737000.0;63546.0;8
275;457000.0;5737000.0;63625.0;9
275;457000.0;5737000.0;64226.0;8
275;457000.0;5737000.0;64746.0;9
275;457000.0;5737000.0;65950.0;10
275;457000.0;5737000.0;65964.0;11
275;457000.0;5737000.0;68326.0;12
275;457000.0;5737000.0;69351.0;13
275;457000.0;5737000.0;70077.0;14
275;457000.0;5737000.0;86400.0;13
275;457000.0;5737000.0;86400.0;12
275;457000.0;5737000.0;86400.0;11
275;457000.0;5737000.0;86400.0;10
275;457000.0;5737000.0;86400.0;9
275;457000.0;5737000.0;86400.0;8
275;457000.0;5737000.0;86400.0;7
275;457000.0;5737000.0;86400.0;6
275;457000.0;5737000.0;86400.0;5
275;457000.0;5737000.0;86400.0;4
275;457000.0;5737000.0;86400.0;3
275;457000.0;5737000.0;86400.0;2
275;457000.0;5737000.0;86400.0;1
275;457000.0;5737000.0;86400.0;0
543;475000.0;5751000.0;0.0;0
543;475000.0;5751000.0;0.0;1
543;475000.0;5751000.0;86400.0;0
426;467000.0;5749000.0;0.0;0
231;453000.0;5765000.0;0.0;0
298;459000.0;5725000.0;0.0;0
298;459000.0;5725000.0;0.0;1
298;459000.0;5725000.0;26460.0;0
523;475000.0;5711000.0;0.0;0
357;463000.0;5727000.0;0.0;0
292;459000.0;5713000.0;0.0;0
295;459000.0;5719000.0;0.0;0
209;453000.0;5721000.0;0.0;0
300;459000.0;5729000.0;0.0;0
180;451000.0;5721000.0;0.0;0
602;479000.0;5753000.0;0.0;0
43;441000.0;5737000.0;0.0;0
386;465000.0;5727000.0;0.0;0
250;455000.0;5745000.0;0.0;0
250;455000.0;5745000.0;0.0;1
250;455000.0;5745000.0;22768.0;0
250;455000.0;5745000.0;26588.0;1
250;455000.0;5745000.0;26657.0;0
250;455000.0;5745000.0;33667.0;1
250;455000.0;5745000.0;56445.0;0
583;479000.0;5715000.0;0.0;0
264;457000.0;5715000.0;0.0;0
349;463000.0;5711000.0;0.0;0
346;461000.0;5763000.0;0.0;0
536;475000.0;5737000.0;0.0;0
443;469000.0;5725000.0;0.0;0
443;469000.0;5725000.0;0.0;1
443;469000.0;5725000.0;86400.0;0
574;477000.0;5755000.0;0.0;0
45;441000.0;5741000.0;0.0;0
45;441000.0;5741000.0;0.0;1
45;441000.0;5741000.0;86400.0;0
496;473000.0;5715000.0;0.0;0
496;473000.0;5715000.0;0.0;1
496;473000.0;5715000.0;86400.0;0
77;443000.0;5747000.0;0.0;0
77;443000.0;5747000.0;0.0;1
77;443000.0;5747000.0;86400.0;0
573;477000.0;5753000.0;0.0;0
34;441000.0;5719000.0;0.0;0
34;441000.0;5719000.0;0.0;1
34;441000.0;5719000.0;86400.0;0
518;473000.0;5759000.0;0.0;0
93;445000.0;5721000.0;0.0;0
247;455000.0;5739000.0;0.0;0
247;455000.0;5739000.0;0.0;1
247;455000.0;5739000.0;21035.0;0
247;455000.0;5739000.0;27723.0;1
247;455000.0;5739000.0;27738.0;0
247;455000.0;5739000.0;31531.0;1
247;455000.0;5739000.0;32486.0;2
247;455000.0;5739000.0;32772.0;1
247;455000.0;5739000.0;33604.0;2
247;455000.0;5739000.0;51422.0;1
247;455000.0;5739000.0;52128.0;0
247;455000.0;5739000.0;53813.0;1
247;455000.0;5739000.0;55086.0;2
247;455000.0;5739000.0;55096.0;1
247;455000.0;5739000.0;55209.0;0
247;455000.0;5739000.0;58928.0;1
247;455000.0;5739000.0;59211.0;2
247;455000.0;5739000.0;59275.0;3
247;455000.0;5739000.0;59390.0;4
247;455000.0;5739000.0;60100.0;5
247;455000.0;5739000.0;61188.0;6
247;455000.0;5739000.0;61450.0;5
247;455000.0;5739000.0;61473.0;6
247;455000.0;5739000.0;64306.0;5
247;455000.0;5739000.0;65130.0;6
247;455000.0;5739000.0;67681.0;7
247;455000.0;5739000.0;71321.0;8
247;455000.0;5739000.0;86400.0;7
247;455000.0;5739000.0;86400.0;6
247;455000.0;5739000.0;86400.0;5
247;455000.0;5739000.0;86400.0;4
247;455000.0;5739000.0;86400.0;3
247;455000.0;5739000.0;86400.0;2
247;455000.0;5739000.0;86400.0;1
247;455000.0;5739000.0;86400.0;0
272;457000.0;5731000.0;0.0;0
272;457000.0;5731000.0;0.0;1
272;457000.0;5731000.0;0.0;2
272;457000.0;5731000.0;0.0;3
272;457000.0;5731000.0;20292.0;2
272;457000.0;5731000.0;20564.0;3
272;457000.0;5731000.0;20974.0;2
272;457000.0;5731000.0;21823.0;1
272;457000.0;5731000.0;21928.0;0
272;457000.0;5731000.0;30330.0;1
272;457000.0;5731000.0;31012.0;2
272;457000.0;5731000.0;31129.0;3
272;457000.0;5731000.0;31136.0;4
272;457000.0;5731000.0;31334.0;5
272;457000.0;5731000.0;31414.0;6
272;457000.0;5731000.0;31553.0;5
272;457000.0;5731000.0;32042.0;6
272;457000.0;5731000.0;32302.0;5
272;457000.0;5731000.0;32563.0;4
272;457000.0;5731000.0;32571.0;5
272;457000.0;5731000.0;32837.0;6
272;457000.0;5731000.0;32892.0;7
272;457000.0;5731000.0;50762.0;6
272;457000.0;5731000.0;51082.0;7
272;457000.0;5731000.0;51378.0;6
272;457000.0;5731000.0;51528.0;5
272;457000.0;5731000.0;51822.0;6
272;457000.0;5731000.0;52247.0;5
272;457000.0;5731000.0;52410.0;4
272;457000.0;5731000.0;52612.0;3
272;457000.0;5731000.0;52683.0;2
272;457000.0;5731000.0;52702.0;3
272;457000.0;5731000.0;52773.0;4
272;457000.0;5731000.0;52869.0;3
272;457000.0;5731000.0;53317.0;2
272;457000.0;5731000.0;53446.0;1
272;457000.0;5731000.0;53648.0;2
272;457000.0;5731000.0;53652.0;1
272;457000.0;5731000.0;54070.0;2
272;457000.0;5731000.0;54116.0;1
272;457000.0;5731000.0;54309.0;0
272;457000.0;5731000.0;54310.0;1
272;457000.0;5731000.0;54323.0;0
272;457000.0;5731000.0;54861.0;1
272;457000.0;5731000.0;54974.0;0
272;457000.0;5731000.0;61843.0;1
272;457000.0;5731000.0;61974.0;2
272;457000.0;5731000.0;62489.0;3
272;457000.0;5731000.0;63109.0;4
272;457000.0;5731000.0;63113.0;5
272;457000.0;5731000.0;63756.0;4
272;457000.0;5731000.0;64444.0;5
272;457000.0;5731000.0;64619.0;4
272;457000.0;5731000.0;64767.0;5
272;457000.0;5731000.0;64984.0;6
272;457000.0;5731000.0;65405.0;7
272;457000.0;5731000.0;65554.0;8
272;457000.0;5731000.0;67286.0;9
272;457000.0;5731000.0;86400.0;8
272;457000.0;5731000.0;86400.0;7
272;457000.0;5731000.0;86400.0;6
272;457000.0;5731000.0;86400.0;5
272;457000.0;5731000.0;86400.0;4
272;457000.0;5731000.0;86400.0;3
272;457000.0;5731000.0;86400.0;2
272;457000.0;5731000.0;86400.0;1
272;457000.0;5731000.0;86400.0;0
505;473000.0;5733000.0;0.0;0
88;445000.0;5711000.0;0.0;0
88;445000.0;5711000.0;0.0;1
88;445000.0;5711000.0;86400.0;0
507;473000.0;5737000.0;0.0;0
323;461000.0;5717000.0;0.0;0
234;455000.0;5713000.0;0.0;0
234;455000.0;5713000.0;0.0;1
234;455000.0;5713000.0;86400.0;0
5;439000.0;5719000.0;0.0;0
5;439000.0;5719000.0;0.0;1
5;439000.0;5719000.0;86400.0;0
171;449000.0;5761000.0;0.0;0
217;453000.0;5737000.0;0.0;0
217;453000.0;5737000.0;0.0;1
217;453000.0;5737000.0;0.0;2
217;453000.0;5737000.0;0.0;3
217;453000.0;5737000.0;0.0;4
217;453000.0;5737000.0;0.0;5
217;453000.0;5737000.0;0.0;6
217;453000.0;5737000.0;0.0;7
217;453000.0;5737000.0;0.0;8
217;453000.0;5737000.0;0.0;9
217;453000.0;5737000.0;21765.0;10
217;453000.0;5737000.0;22332.0;9
217;453000.0;5737000.0;22690.0;8
217;453000.0;5737000.0;22864.0;7
217;453000.0;5737000.0;23171.0;6
217;453000.0;5737000.0;23760.0;7
217;453000.0;5737000.0;23834.0;6
217;453000.0;5737000.0;23972.0;5
217;453000.0;5737000.0;24049.0;4
217;453000.0;5737000.0;24051.0;3
217;453000.0;5737000.0;24334.0;2
217;453000.0;5737000.0;24528.0;1
217;453000.0;5737000.0;24711.0;0
217;453000.0;5737000.0;60604.0;1
217;453000.0;5737000.0;61486.0;2
217;453000.0;5737000.0;61627.0;3
217;453000.0;5737000.0;61810.0;4
217;453000.0;5737000.0;63720.0;3
217;453000.0;5737000.0;63868.0;2
217;453000.0;5737000.0;64052.0;3
217;453000.0;5737000.0;64288.0;4
217;453000.0;5737000.0;64967.0;5
217;453000.0;5737000.0;65062.0;4
217;453000.0;5737000.0;68465.0;5
217;453000.0;5737000.0;68702.0;4
217;453000.0;5737000.0;70439.0;3
217;453000.0;5737000.0;86400.0;2
217;453000.0;5737000.0;86400.0;1
217;453000.0;5737000.0;86400.0;0
384;465000.0;5723000.0;0.0;0
384;465000.0;5723000.0;0.0;1
384;465000.0;5723000.0;86400.0;0
182;451000.0;5725000.0;0.0;0
553;477000.0;5713000.0;0.0;0
613;481000.0;5717000.0;0.0;0
330;461000.0;5731000.0;0.0;0
236;455000.0;5717000.0;0.0;0
542;475000.0;5749000.0;0.0;0
637;481000.0;5765000.0;0.0;0
548;475000.0;5761000.0;0.0;0
150;449000.0;5719000.0;0.0;0
150;449000.0;5719000.0;0.0;1
150;449000.0;5719000.0;86400.0;0
328;461000.0;5727000.0;0.0;0
252;455000.0;5749000.0;0.0;0
258;455000.0;5761000.0;0.0;0
385;465000.0;5725000.0;0.0;0
190;451000.0;5741000.0;0.0;0
604;479000.0;5757000.0;0.0;0
604;479000.0;5757000.0;0.0;1
604;479000.0;5757000.0;86400.0;0
8;439000.0;5725000.0;0.0;0
356;463000.0;5725000.0;0.0;0
86;443000.0;5765000.0;0.0;0
501;473000.0;5725000.0;0.0;0
48;441000.0;5747000.0;0.0;0
48;441000.0;5747000.0;0.0;1
48;441000.0;5747000.0;86400.0;0
348;461000.0;5767000.0;0.0;0
329;461000.0;5729000.0;0.0;0
202;451000.0;5765000.0;0.0;0
210;453000.0;5723000.0;0.0;0
223;453000.0;5749000.0;0.0;0
223;453000.0;5749000.0;0.0;1
223;453000.0;5749000.0;28099.0;0
241;455000.0;5727000.0;0.0;0
241;455000.0;5727000.0;24343.0;1
241;455000.0;5727000.0;24688.0;0
241;455000.0;5727000.0;29095.0;1
241;455000.0;5727000.0;29576.0;2
241;455000.0;5727000.0;29627.0;3
241;455000.0;5727000.0;30395.0;4
241;455000.0;5727000.0;31496.0;3
241;455000.0;5727000.0;32728.0;4
241;455000.0;5727000.0;52358.0;3
241;455000.0;5727000.0;52631.0;4
241;455000.0;5727000.0;54041.0;3
241;455000.0;5727000.0;55286.0;2
241;455000.0;5727000.0;55734.0;1
241;455000.0;5727000.0;56081.0;0
241;455000.0;5727000.0;60567.0;1
241;455000.0;5727000.0;61186.0;2
241;455000.0;5727000.0;62369.0;3
241;455000.0;5727000.0;62538.0;4
241;455000.0;5727000.0;62730.0;5
241;455000.0;5727000.0;62890.0;6
241;455000.0;5727000.0;63407.0;5
241;455000.0;5727000.0;64483.0;4
241;455000.0;5727000.0;86400.0;3
241;455000.0;5727000.0;86400.0;2
241;455000.0;5727000.0;86400.0;1
241;455000.0;5727000.0;86400.0;0
383;465000.0;5721000.0;0.0;0
246;455000.0;5737000.0;0.0;0
246;455000.0;5737000.0;0.0;1
246;455000.0;5737000.0;0.0;2
246;455000.0;5737000.0;0.0;3
246;455000.0;5737000.0;0.0;4
246;455000.0;5737000.0;20593.0;3
246;455000.0;5737000.0;21820.0;2
246;455000.0;5737000.0;22319.0;1
246;455000.0;5737000.0;23446.0;0
246;455000.0;5737000.0;24974.0;1
246;455000.0;5737000.0;25010.0;0
246;455000.0;5737000.0;30726.0;1
246;455000.0;5737000.0;31538.0;0
246;455000.0;5737000.0;31651.0;1
246;455000.0;5737000.0;31856.0;2
246;455000.0;5737000.0;32373.0;1
246;455000.0;5737000.0;32661.0;2
246;455000.0;5737000.0;32857.0;3
246;455000.0;5737000.0;33139.0;2
246;455000.0;5737000.0;33524.0;1
246;455000.0;5737000.0;50958.0;0
246;455000.0;5737000.0;52524.0;1
246;455000.0;5737000.0;52833.0;0
246;455000.0;5737000.0;53215.0;1
246;455000.0;5737000.0;53601.0;2
246;455000.0;5737000.0;53874.0;1
246;455000.0;5737000.0;54352.0;0
246;455000.0;5737000.0;60219.0;1
246;455000.0;5737000.0;60898.0;2
246;455000.0;5737000.0;60969.0;3
246;455000.0;5737000.0;61155.0;4
246;455000.0;5737000.0;61168.0;5
246;455000.0;5737000.0;61206.0;4
246;455000.0;5737000.0;61242.0;3
246;455000.0;5737000.0;61243.0;2
246;455000.0;5737000.0;61246.0;3
246;455000.0;5737000.0;61331.0;4
246;455000.0;5737000.0;61450.0;5
246;455000.0;5737000.0;61492.0;6
246;455000.0;5737000.0;61577.0;5
246;455000.0;5737000.0;61825.0;6
246;455000.0;5737000.0;61942.0;5
246;455000.0;5737000.0;61979.0;6
246;455000.0;5737000.0;62087.0;7
246;455000.0;5737000.0;62191.0;6
246;455000.0;5737000.0;62306.0;7
246;455000.0;5737000.0;62367.0;6
246;455000.0;5737000.0;62414.0;7
246;455000.0;5737000.0;62606.0;6
246;455000.0;5737000.0;62906.0;7
246;455000.0;5737000.0;62973.0;6
246;455000.0;5737000.0;63240.0;7
246;455000.0;5737000.0;63279.0;6
246;455000.0;5737000.0;63512.0;7
246;455000.0;5737000.0;63573.0;6
246;455000.0;5737000.0;63619.0;5
246;455000.0;5737000.0;63821.0;6
246;455000.0;5737000.0;64134.0;7
246;455000.0;5737000.0;64222.0;8
246;455000.0;5737000.0;64463.0;9
246;455000.0;5737000.0;64555.0;10
246;455000.0;5737000.0;64616.0;9
246;455000.0;5737000.0;64675.0;10
246;455000.0;5737000.0;64700.0;9
246;455000.0;5737000.0;65286.0;8
246;455000.0;5737000.0;65617.0;9
246;455000.0;5737000.0;65797.0;8
246;455000.0;5737000.0;65820.0;7
246;455000.0;5737000.0;65952.0;6
246;455000.0;5737000.0;65993.0;7
246;455000.0;5737000.0;66369.0;6
246;455000.0;5737000.0;66852.0;5
246;455000.0;5737000.0;68102.0;4
246;455000.0;5737000.0;69336.0;3
246;455000.0;5737000.0;70082.0;2
246;455000.0;5737000.0;70486.0;3
246;455000.0;5737000.0;86400.0;2
246;455000.0;5737000.0;86400.0;1
246;455000.0;5737000.0;86400.0;0
545;475000.0;5755000.0;0.0;0
380;465000.0;5715000.0;0.0;0
380;465000.0;5715000.0;0.0;1
380;465000.0;5715000.0;86400.0;0
128;447000.0;5733000.0;0.0;0
128;447000.0;5733000.0;0.0;1
128;447000.0;5733000.0;25718.0;0
128;447000.0;5733000.0;34399.0;1
128;447000.0;5733000.0;56215.0;0
237;455000.0;5719000.0;0.0;0
189;451000.0;5739000.0;0.0;0
189;451000.0;5739000.0;0.0;1
189;451000.0;5739000.0;22056.0;0
577;477000.0;5761000.0;0.0;0
487;471000.0;5755000.0;0.0;0
40;441000.0;5731000.0;0.0;0
470;471000.0;5721000.0;0.0;0
470;471000.0;5721000.0;0.0;1
470;471000.0;5721000.0;86400.0;0
184;451000.0;5729000.0;0.0;0
184;451000.0;5729000.0;0.0;1
184;451000.0;5729000.0;23784.0;0
184;451000.0;5729000.0;62108.0;1
184;451000.0;5729000.0;86400.0;0
229;453000.0;5761000.0;0.0;0
229;453000.0;5761000.0;0.0;1
229;453000.0;5761000.0;86400.0;0
605;479000.0;5759000.0;0.0;0
266;457000.0;5719000.0;0.0;0
534;475000.0;5733000.0;0.0;0
224;453000.0;5751000.0;0.0;0
60;443000.0;5713000.0;0.0;0
392;465000.0;5739000.0;0.0;0
541;475000.0;5747000.0;0.0;0
47;441000.0;5745000.0;0.0;0
36;441000.0;5723000.0;0.0;0
183;451000.0;5727000.0;0.0;0
228;453000.0;5759000.0;0.0;0
192;451000.0;5745000.0;0.0;0
76;443000.0;5745000.0;0.0;0
42;441000.0;5735000.0;0.0;0
273;457000.0;5733000.0;0.0;0
273;457000.0;5733000.0;0.0;1
273;457000.0;5733000.0;0.0;2
273;457000.0;5733000.0;22232.0;1
273;457000.0;5733000.0;24346.0;0
273;457000.0;5733000.0;30639.0;1
273;457000.0;5733000.0;30712.0;0
273;457000.0;5733000.0;31509.0;1
273;457000.0;5733000.0;31739.0;2
273;457000.0;5733000.0;32129.0;3
273;457000.0;5733000.0;32841.0;4
273;457000.0;5733000.0;33680.0;5
273;457000.0;5733000.0;50777.0;4
273;457000.0;5733000.0;51150.0;3
273;457000.0;5733000.0;52948.0;4
273;457000.0;5733000.0;53131.0;3
273;457000.0;5733000.0;53333.0;2
273;457000.0;5733000.0;54212.0;1
273;457000.0;5733000.0;54372.0;0
273;457000.0;5733000.0;54700.0;1
273;457000.0;5733000.0;54751.0;0
273;457000.0;5733000.0;61678.0;1
273;457000.0;5733000.0;61773.0;2
273;457000.0;5733000.0;62119.0;1
273;457000.0;5733000.0;63151.0;2
273;457000.0;5733000.0;64675.0;3
273;457000.0;5733000.0;86400.0;2
273;457000.0;5733000.0;86400.0;1
273;457000.0;5733000.0;86400.0;0
249;455000.0;5743000.0;0.0;0
249;455000.0;5743000.0;31871.0;1
249;455000.0;5743000.0;32916.0;2
249;455000.0;5743000.0;35348.0;3
249;455000.0;5743000.0;52886.0;2
249;455000.0;5743000.0;53117.0;1
249;455000.0;5743000.0;53448.0;2
249;455000.0;5743000.0;56687.0;1
249;455000.0;5743000.0;56758.0;0
249;455000.0;5743000.0;59603.0;1
249;455000.0;5743000.0;59771.0;0
276;457000.0;5739000.0;0.0;0
276;457000.0;5739000.0;21978.0;1
276;457000.0;5739000.0;22230.0;2
276;457000.0;5739000.0;22570.0;1
276;457000.0;5739000.0;22950.0;0
276;457000.0;5739000.0;30521.0;1
276;457000.0;5739000.0;31275.0;2
276;457000.0;5739000.0;31678.0;3
276;457000.0;5739000.0;31986.0;4
276;457000.0;5739000.0;32079.0;5
276;457000.0;5739000.0;32704.0;6
276;457000.0;5739000.0;32822.0;7
276;457000.0;5739000.0;33185.0;8
276;457000.0;5739000.0;49880.0;7
276;457000.0;5739000.0;51629.0;6
276;457000.0;5739000.0;51886.0;5
276;457000.0;5739000.0;52323.0;4
276;457000.0;5739000.0;52940.0;3
276;457000.0;5739000.0;53857.0;2
276;457000.0;5739000.0;54145.0;3
276;457000.0;5739000.0;54324.0;2
276;457000.0;5739000.0;55270.0;3
276;457000.0;5739000.0;55372.0;2
276;457000.0;5739000.0;55535.0;3
276;457000.0;5739000.0;55656.0;2
276;457000.0;5739000.0;55753.0;1
276;457000.0;5739000.0;55891.0;0
276;457000.0;5739000.0;58905.0;1
276;457000.0;5739000.0;59069.0;0
276;457000.0;5739000.0;61031.0;1
276;457000.0;5739000.0;61330.0;2
276;457000.0;5739000.0;62247.0;3
276;457000.0;5739000.0;62403.0;4
276;457000.0;5739000.0;62410.0;5
276;457000.0;5739000.0;63113.0;6
276;457000.0;5739000.0;63290.0;7
276;457000.0;5739000.0;63508.0;8
276;457000.0;5739000.0;63828.0;9
276;457000.0;5739000.0;64230.0;10
276;457000.0;5739000.0;65227.0;11
276;457000.0;5739000.0;65464.0;12
276;457000.0;5739000.0;66910.0;13
276;457000.0;5739000.0;86400.0;12
276;457000.0;5739000.0;86400.0;11
276;457000.0;5739000.0;86400.0;10
276;457000.0;5739000.0;86400.0;9
276;457000.0;5739000.0;86400.0;8
276;457000.0;5739000.0;86400.0;7
276;457000.0;5739000.0;86400.0;6
276;457000.0;5739000.0;86400.0;5
276;457000.0;5739000.0;86400.0;4
276;457000.0;5739000.0;86400.0;3
276;457000.0;5739000.0;86400.0;2
276;457000.0;5739000.0;86400.0;1
276;457000.0;5739000.0;86400.0;0
16;439000.0;5741000.0;0.0;0
481;471000.0;5743000.0;0.0;0
360;463000.0;5733000.0;0.0;0
59;443000.0;5711000.0;0.0;0
265;457000.0;5717000.0;0.0;0
306;459000.0;5741000.0;0.0;0
376;463000.0;5765000.0;0.0;0
65;443000.0;5723000.0;0.0;0
216;453000.0;5735000.0;0.0;0
216;453000.0;5735000.0;0.0;1
216;453000.0;5735000.0;0.0;2
216;453000.0;5735000.0;0.0;3
216;453000.0;5735000.0;0.0;4
216;453000.0;5735000.0;0.0;5
216;453000.0;5735000.0;0.0;6
216;453000.0;5735000.0;0.0;7
216;453000.0;5735000.0;0.0;8
216;453000.0;5735000.0;0.0;9
216;453000.0;5735000.0;0.0;10
216;453000.0;5735000.0;0.0;11
216;453000.0;5735000.0;0.0;12
216;453000.0;5735000.0;0.0;13
216;453000.0;5735000.0;22965.0;12
216;453000.0;5735000.0;23009.0;11
216;453000.0;5735000.0;23234.0;10
216;453000.0;5735000.0;23307.0;9
216;453000.0;5735000.0;23608.0;8
216;453000.0;5735000.0;23736.0;7
216;453000.0;5735000.0;23840.0;6
216;453000.0;5735000.0;23924.0;5
216;453000.0;5735000.0;24579.0;4
216;453000.0;5735000.0;24685.0;3
216;453000.0;5735000.0;24796.0;2
216;453000.0;5735000.0;24929.0;1
216;453000.0;5735000.0;25154.0;0
216;453000.0;5735000.0;30617.0;1
216;453000.0;5735000.0;31786.0;2
216;453000.0;5735000.0;31940.0;3
216;453000.0;5735000.0;32104.0;2
216;453000.0;5735000.0;33198.0;3
216;453000.0;5735000.0;33230.0;2
216;453000.0;5735000.0;50388.0;1
216;453000.0;5735000.0;52001.0;0
216;453000.0;5735000.0;60436.0;1
216;453000.0;5735000.0;61201.0;2
216;453000.0;5735000.0;61318.0;3
216;453000.0;5735000.0;61423.0;2
216;453000.0;5735000.0;61585.0;3
216;453000.0;5735000.0;61956.0;4
216;453000.0;5735000.0;62244.0;5
216;453000.0;5735000.0;62728.0;4
216;453000.0;5735000.0;62874.0;3
216;453000.0;5735000.0;63018.0;4
216;453000.0;5735000.0;63065.0;5
216;453000.0;5735000.0;63303.0;6
216;453000.0;5735000.0;63329.0;5
216;453000.0;5735000.0;63486.0;4
216;453000.0;5735000.0;63736.0;3
216;453000.0;5735000.0;64001.0;4
216;453000.0;5735000.0;64308.0;5
216;453000.0;5735000.0;64410.0;4
216;453000.0;5735000.0;64508.0;5
216;453000.0;5735000.0;64951.0;6
216;453000.0;5735000.0;64966.0;7
216;453000.0;5735000.0;65001.0;6
216;453000.0;5735000.0;65108.0;5
216;453000.0;5735000.0;65267.0;6
216;453000.0;5735000.0;65378.0;5
216;453000.0;5735000.0;65489.0;4
216;453000.0;5735000.0;65562.0;3
216;453000.0;5735000.0;65746.0;4
216;453000.0;5735000.0;65960.0;5
216;453000.0;5735000.0;66195.0;6
216;453000.0;5735000.0;66538.0;5
216;453000.0;5735000.0;67248.0;6
216;453000.0;5735000.0;67397.0;5
216;453000.0;5735000.0;67727.0;4
216;453000.0;5735000.0;67785.0;5
216;453000.0;5735000.0;68045.0;6
216;453000.0;5735000.0;69381.0;5
216;453000.0;5735000.0;69659.0;6
216;453000.0;5735000.0;70164.0;5
216;453000.0;5735000.0;71290.0;6
216;453000.0;5735000.0;86400.0;5
216;453000.0;5735000.0;86400.0;4
216;453000.0;5735000.0;86400.0;3
216;453000.0;5735000.0;86400.0;2
216;453000.0;5735000.0;86400.0;1
216;453000.0;5735000.0;86400.0;0
482;471000.0;5745000.0;0.0;0
394;465000.0;5743000.0;0.0;0
318;459000.0;5765000.0;0.0;0
31;441000.0;5713000.0;0.0;0
504;473000.0;5731000.0;0.0;0
277;457000.0;5741000.0;0.0;0
277;457000.0;5741000.0;0.0;1
277;457000.0;5741000.0;0.0;2
277;457000.0;5741000.0;21459.0;1
277;457000.0;5741000.0;22444.0;0
277;457000.0;5741000.0;30248.0;1
277;457000.0;5741000.0;30316.0;2
277;457000.0;5741000.0;30587.0;3
277;457000.0;5741000.0;31504.0;4
277;457000.0;5741000.0;32063.0;5
277;457000.0;5741000.0;33065.0;6
277;457000.0;5741000.0;50316.0;7
277;457000.0;5741000.0;52603.0;6
277;457000.0;5741000.0;53367.0;5
277;457000.0;5741000.0;53521.0;4
277;457000.0;5741000.0;54397.0;3
277;457000.0;5741000.0;54631.0;2
277;457000.0;5741000.0;55143.0;1
277;457000.0;5741000.0;55198.0;0
277;457000.0;5741000.0;60382.0;1
277;457000.0;5741000.0;60605.0;2
277;457000.0;5741000.0;60830.0;1
277;457000.0;5741000.0;61573.0;2
277;457000.0;5741000.0;62237.0;3
277;457000.0;5741000.0;62255.0;4
277;457000.0;5741000.0;86400.0;3
277;457000.0;5741000.0;86400.0;2
277;457000.0;5741000.0;86400.0;1
277;457000.0;5741000.0;86400.0;0
388;465000.0;5731000.0;0.0;0
125;447000.0;5727000.0;0.0;0
552;477000.0;5711000.0;0.0;0
364;463000.0;5741000.0;0.0;0
351;463000.0;5715000.0;0.0;0
367;463000.0;5747000.0;0.0;0
446;469000.0;5731000.0;0.0;0
490;471000.0;5761000.0;0.0;0
154;449000.0;5727000.0;0.0;0
154;449000.0;5727000.0;0.0;1
154;449000.0;5727000.0;25906.0;0
644;483000.0;5721000.0;0.0;0
565;477000.0;5737000.0;0.0;0
122;447000.0;5721000.0;0.0;0
122;447000.0;5721000.0;0.0;1
122;447000.0;5721000.0;58565.0;0
144;447000.0;5765000.0;0.0;0
142;447000.0;5761000.0;0.0;0
269;457000.0;5725000.0;0.0;0
117;447000.0;5711000.0;0.0;0
524;475000.0;5713000.0;0.0;0
242;455000.0;5729000.0;0.0;0
242;455000.0;5729000.0;0.0;1
242;455000.0;5729000.0;0.0;2
242;455000.0;5729000.0;0.0;3
242;455000.0;5729000.0;0.0;4
242;455000.0;5729000.0;0.0;5
242;455000.0;5729000.0;0.0;6
242;455000.0;5729000.0;0.0;7
242;455000.0;5729000.0;0.0;8
242;455000.0;5729000.0;0.0;9
242;455000.0;5729000.0;0.0;10
242;455000.0;5729000.0;19104.0;9
242;455000.0;5729000.0;20809.0;8
242;455000.0;5729000.0;22546.0;9
242;455000.0;5729000.0;23226.0;8
242;455000.0;5729000.0;23594.0;7
242;455000.0;5729000.0;23795.0;6
242;455000.0;5729000.0;23909.0;7
242;455000.0;5729000.0;23952.0;6
242;455000.0;5729000.0;24068.0;5
242;455000.0;5729000.0;24332.0;4
242;455000.0;5729000.0;24538.0;3
242;455000.0;5729000.0;24822.0;2
242;455000.0;5729000.0;24897.0;3
242;455000.0;5729000.0;24902.0;2
242;455000.0;5729000.0;25371.0;1
242;455000.0;5729000.0;25634.0;0
242;455000.0;5729000.0;25881.0;1
242;455000.0;5729000.0;25912.0;0
242;455000.0;5729000.0;31057.0;1
242;455000.0;5729000.0;31136.0;2
242;455000.0;5729000.0;33123.0;3
242;455000.0;5729000.0;33136.0;4
242;455000.0;5729000.0;33733.0;5
242;455000.0;5729000.0;34158.0;6
242;455000.0;5729000.0;34221.0;7
242;455000.0;5729000.0;34731.0;8
242;455000.0;5729000.0;53925.0;7
242;455000.0;5729000.0;53978.0;6
242;455000.0;5729000.0;54817.0;5
242;455000.0;5729000.0;55033.0;4
242;455000.0;5729000.0;55259.0;3
242;455000.0;5729000.0;55588.0;2
242;455000.0;5729000.0;55652.0;1
242;455000.0;5729000.0;55854.0;0
242;455000.0;5729000.0;60668.0;1
242;455000.0;5729000.0;61327.0;2
242;455000.0;5729000.0;61411.0;1
242;455000.0;5729000.0;62254.0;2
242;455000.0;5729000.0;62891.0;3
242;455000.0;5729000.0;65550.0;2
242;455000.0;5729000.0;86400.0;1
242;455000.0;5729000.0;86400.0;0
369;463000.0;5751000.0;0.0;0
131;447000.0;5739000.0;0.0;0
475;471000.0;5731000.0;0.0;0
631;481000.0;5753000.0;0.0;0
588;479000.0;5725000.0;0.0;0
359;463000.0;5731000.0;0.0;0
239;455000.0;5723000.0;0.0;0
71;443000.0;5735000.0;0.0;0
71;443000.0;5735000.0;59657.0;1
71;443000.0;5735000.0;86400.0;0
105;445000.0;5745000.0;0.0;0
105;445000.0;5745000.0;0.0;1
105;445000.0;5745000.0;86400.0;0
488;471000.0;5757000.0;0.0;0
488;471000.0;5757000.0;0.0;1
488;471000.0;5757000.0;86400.0;0
469;471000.0;5719000.0;0.0;0
469;471000.0;5719000.0;0.0;1
469;471000.0;5719000.0;86400.0;0
471;471000.0;5723000.0;0.0;0
601;479000.0;5751000.0;0.0;0
636;481000.0;5763000.0;0.0;0
159;449000.0;5737000.0;0.0;0
159;449000.0;5737000.0;0.0;1
159;449000.0;5737000.0;0.0;2
159;449000.0;5737000.0;25246.0;1
159;449000.0;5737000.0;25547.0;0
474;471000.0;5729000.0;0.0;0
49;441000.0;5749000.0;0.0;0
100;445000.0;5735000.0;0.0;0
100;445000.0;5735000.0;61014.0;1
100;445000.0;5735000.0;86400.0;0
502;473000.0;5727000.0;0.0;0
427;467000.0;5751000.0;0.0;0
21;439000.0;5751000.0;0.0;0
327;461000.0;5725000.0;0.0;0
243;455000.0;5731000.0;0.0;0
243;455000.0;5731000.0;0.0;1
243;455000.0;5731000.0;0.0;2
243;455000.0;5731000.0;0.0;3
243;455000.0;5731000.0;0.0;4
243;455000.0;5731000.0;0.0;5
243;455000.0;5731000.0;0.0;6
243;455000.0;5731000.0;19907.0;5
243;455000.0;5731000.0;21939.0;6
243;455000.0;5731000.0;22741.0;5
243;455000.0;5731000.0;23081.0;4
243;455000.0;5731000.0;23180.0;3
243;455000.0;5731000.0;23263.0;2
243;455000.0;5731000.0;23659.0;1
243;455000.0;5731000.0;23721.0;0
243;455000.0;5731000.0;29593.0;1
243;455000.0;5731000.0;29939.0;2
243;455000.0;5731000.0;30731.0;1
243;455000.0;5731000.0;30982.0;2
243;455000.0;5731000.0;31212.0;3
243;455000.0;5731000.0;31523.0;4
243;455000.0;5731000.0;31951.0;5
243;455000.0;5731000.0;32052.0;6
243;455000.0;5731000.0;32890.0;7
243;455000.0;5731000.0;33271.0;8
243;455000.0;5731000.0;33499.0;9
243;455000.0;5731000.0;34065.0;10
243;455000.0;5731000.0;51943.0;9
243;455000.0;5731000.0;52198.0;8
243;455000.0;5731000.0;52494.0;7
243;455000.0;5731000.0;52821.0;6
243;455000.0;5731000.0;53090.0;7
243;455000.0;5731000.0;53355.0;8
243;455000.0;5731000.0;53363.0;7
243;455000.0;5731000.0;53405.0;6
243;455000.0;5731000.0;53632.0;7
243;455000.0;5731000.0;53671.0;6
243;455000.0;5731000.0;53764.0;5
243;455000.0;5731000.0;53867.0;4
243;455000.0;5731000.0;53916.0;5
243;455000.0;5731000.0;53933.0;6
243;455000.0;5731000.0;54526.0;5
243;455000.0;5731000.0;54635.0;4
243;455000.0;5731000.0;55144.0;3
243;455000.0;5731000.0;55180.0;2
243;455000.0;5731000.0;55582.0;3
243;455000.0;5731000.0;55635.0;2
243;455000.0;5731000.0;55940.0;1
243;455000.0;5731000.0;56174.0;0
243;455000.0;5731000.0;61312.0;1
243;455000.0;5731000.0;61318.0;2
243;455000.0;5731000.0;61450.0;3
243;455000.0;5731000.0;62185.0;4
243;455000.0;5731000.0;62562.0;5
243;455000.0;5731000.0;62968.0;4
243;455000.0;5731000.0;63297.0;5
243;455000.0;5731000.0;64031.0;4
243;455000.0;5731000.0;64501.0;5
243;455000.0;5731000.0;64845.0;6
243;455000.0;5731000.0;65046.0;7
243;455000.0;5731000.0;65479.0;8
243;455000.0;5731000.0;65761.0;9
243;455000.0;5731000.0;66190.0;8
243;455000.0;5731000.0;66976.0;7
243;455000.0;5731000.0;67365.0;6
243;455000.0;5731000.0;68681.0;5
243;455000.0;5731000.0;69121.0;6
243;455000.0;5731000.0;70201.0;5
243;455000.0;5731000.0;70592.0;6
243;455000.0;5731000.0;70859.0;5
243;455000.0;5731000.0;71275.0;6
243;455000.0;5731000.0;72157.0;5
243;455000.0;5731000.0;86400.0;4
243;455000.0;5731000.0;86400.0;3
243;455000.0;5731000.0;86400.0;2
243;455000.0;5731000.0;86400.0;1
243;455000.0;5731000.0;86400.0;0
408;467000.0;5713000.0;0.0;0
338;461000.0;5747000.0;0.0;0
6;439000.0;5721000.0;0.0;0
458;469000.0;5755000.0;0.0;0
213;453000.0;5729000.0;0.0;0
213;453000.0;5729000.0;0.0;1
213;453000.0;5729000.0;0.0;2
213;453000.0;5729000.0;22767.0;1
213;453000.0;5729000.0;23471.0;0
213;453000.0;5729000.0;25178.0;1
213;453000.0;5729000.0;25647.0;0
213;453000.0;5729000.0;31882.0;1
213;453000.0;5729000.0;33408.0;2
213;453000.0;5729000.0;51888.0;1
213;453000.0;5729000.0;53123.0;0
213;453000.0;5729000.0;55033.0;1
213;453000.0;5729000.0;55334.0;0
213;453000.0;5729000.0;61319.0;1
213;453000.0;5729000.0;61770.0;2
213;453000.0;5729000.0;61777.0;3
213;453000.0;5729000.0;62207.0;2
213;453000.0;5729000.0;62888.0;3
213;453000.0;5729000.0;63153.0;2
213;453000.0;5729000.0;63439.0;3
213;453000.0;5729000.0;63570.0;4
213;453000.0;5729000.0;64448.0;5
213;453000.0;5729000.0;64502.0;4
213;453000.0;5729000.0;64758.0;3
213;453000.0;5729000.0;65112.0;2
213;453000.0;5729000.0;65358.0;1
213;453000.0;5729000.0;65758.0;0
213;453000.0;5729000.0;66096.0;1
213;453000.0;5729000.0;68305.0;0
396;465000.0;5747000.0;0.0;0
162;449000.0;5743000.0;0.0;0
162;449000.0;5743000.0;0.0;1
162;449000.0;5743000.0;26477.0;0
440;469000.0;5719000.0;0.0;0
440;469000.0;5719000.0;0.0;1
440;469000.0;5719000.0;86400.0;0
455;469000.0;5749000.0;0.0;0
335;461000.0;5741000.0;0.0;0
335;461000.0;5741000.0;0.0;1
335;461000.0;5741000.0;0.0;2
335;461000.0;5741000.0;0.0;3
335;461000.0;5741000.0;23942.0;2
335;461000.0;5741000.0;24289.0;1
335;461000.0;5741000.0;24506.0;0
578;477000.0;5763000.0;0.0;0
535;475000.0;5735000.0;0.0;0
619;481000.0;5729000.0;0.0;0
179;451000.0;5719000.0;0.0;0
546;475000.0;5757000.0;0.0;0
546;475000.0;5757000.0;0.0;1
546;475000.0;5757000.0;86400.0;0
214;453000.0;5731000.0;0.0;0
214;453000.0;5731000.0;0.0;1
214;453000.0;5731000.0;0.0;2
214;453000.0;5731000.0;0.0;3
214;453000.0;5731000.0;0.0;4
214;453000.0;5731000.0;0.0;5
214;453000.0;5731000.0;0.0;6
214;453000.0;5731000.0;0.0;7
214;453000.0;5731000.0;0.0;8
214;453000.0;5731000.0;0.0;9
214;453000.0;5731000.0;22440.0;8
214;453000.0;5731000.0;22935.0;7
214;453000.0;5731000.0;23456.0;8
214;453000.0;5731000.0;23520.0;7
214;453000.0;5731000.0;23568.0;8
214;453000.0;5731000.0;23843.0;9
214;453000.0;5731000.0;23917.0;8
214;453000.0;5731000.0;24027.0;7
214;453000.0;5731000.0;24145.0;6
214;453000.0;5731000.0;24189.0;5
214;453000.0;5731000.0;24190.0;4
214;453000.0;5731000.0;24228.0;3
214;453000.0;5731000.0;24380.0;4
214;453000.0;5731000.0;24486.0;5
214;453000.0;5731000.0;24662.0;4
214;453000.0;5731000.0;24691.0;3
214;453000.0;5731000.0;24795.0;2
214;453000.0;5731000.0;24986.0;1
214;453000.0;5731000.0;25361.0;0
214;453000.0;5731000.0;28851.0;1
214;453000.0;5731000.0;28961.0;2
214;453000.0;5731000.0;29163.0;1
214;453000.0;5731000.0;29345.0;2
214;453000.0;5731000.0;29645.0;1
214;453000.0;5731000.0;30141.0;2
214;453000.0;5731000.0;30277.0;1
214;453000.0;5731000.0;30320.0;0
214;453000.0;5731000.0;30442.0;1
214;453000.0;5731000.0;30879.0;2
214;453000.0;5731000.0;31050.0;3
214;453000.0;5731000.0;31120.0;4
214;453000.0;5731000.0;31330.0;5
214;453000.0;5731000.0;31521.0;4
214;453000.0;5731000.0;31656.0;3
214;453000.0;5731000.0;31736.0;4
214;453000.0;5731000.0;31921.0;5
214;453000.0;5731000.0;34523.0;6
214;453000.0;5731000.0;49617.0;5
214;453000.0;5731000.0;52349.0;6
214;453000.0;5731000.0;52660.0;5
214;453000.0;5731000.0;52799.0;4
214;453000.0;5731000.0;52847.0;3
214;453000.0;5731000.0;53402.0;2
214;453000.0;5731000.0;53695.0;1
214;453000.0;5731000.0;54443.0;0
214;453000.0;5731000.0;62466.0;1
214;453000.0;5731000.0;62555.0;0
214;453000.0;5731000.0;62581.0;1
214;453000.0;5731000.0;65841.0;2
214;453000.0;5731000.0;68591.0;3
214;453000.0;5731000.0;69668.0;4
214;453000.0;5731000.0;86400.0;3
214;453000.0;5731000.0;86400.0;2
214;453000.0;5731000.0;86400.0;1
214;453000.0;5731000.0;86400.0;0
253;455000.0;5751000.0;0.0;0
646;483000.0;5725000.0;0.0;0
112;445000.0;5759000.0;0.0;0
30;441000.0;5711000.0;0.0;0
382;465000.0;5719000.0;0.0;0
85;443000.0;5763000.0;0.0;0
410;467000.0;5717000.0;0.0;0
114;445000.0;5763000.0;0.0;0
127;447000.0;5731000.0;0.0;0
127;447000.0;5731000.0;55430.0;1
127;447000.0;5731000.0;86400.0;0
424;467000.0;5745000.0;0.0;0
152;449000.0;5723000.0;0.0;0
325;461000.0;5721000.0;0.0;0
544;475000.0;5753000.0;0.0;0
218;453000.0;5739000.0;0.0;0
218;453000.0;5739000.0;0.0;1
218;453000.0;5739000.0;23326.0;0
218;453000.0;5739000.0;27072.0;1
218;453000.0;5739000.0;27395.0;0
218;453000.0;5739000.0;27462.0;1
218;453000.0;5739000.0;27520.0;0
218;453000.0;5739000.0;28802.0;1
218;453000.0;5739000.0;29469.0;2
218;453000.0;5739000.0;30196.0;3
218;453000.0;5739000.0;30413.0;2
218;453000.0;5739000.0;30644.0;3
218;453000.0;5739000.0;31408.0;4
218;453000.0;5739000.0;31597.0;5
218;453000.0;5739000.0;31684.0;6
218;453000.0;5739000.0;32046.0;7
218;453000.0;5739000.0;32064.0;8
218;453000.0;5739000.0;32591.0;9
218;453000.0;5739000.0;33060.0;10
218;453000.0;5739000.0;33355.0;11
218;453000.0;5739000.0;33793.0;12
218;453000.0;5739000.0;54084.0;11
218;453000.0;5739000.0;54369.0;10
218;453000.0;5739000.0;54656.0;9
218;453000.0;5739000.0;55521.0;8
218;453000.0;5739000.0;55695.0;7
218;453000.0;5739000.0;55864.0;8
218;453000.0;5739000.0;55940.0;7
218;453000.0;5739000.0;56036.0;6
218;453000.0;5739000.0;56083.0;5
218;453000.0;5739000.0;56265.0;4
218;453000.0;5739000.0;56319.0;3
218;453000.0;5739000.0;56669.0;2
218;453000.0;5739000.0;56988.0;1
218;453000.0;5739000.0;57064.0;0
218;453000.0;5739000.0;61253.0;1
218;453000.0;5739000.0;61695.0;2
218;453000.0;5739000.0;62285.0;3
218;453000.0;5739000.0;63654.0;4
218;453000.0;5739000.0;63898.0;3
218;453000.0;5739000.0;64445.0;4
218;453000.0;5739000.0;65387.0;5
218;453000.0;5739000.0;69153.0;6
218;453000.0;5739000.0;86400.0;5
218;453000.0;5739000.0;86400.0;4
218;453000.0;5739000.0;86400.0;3
218;453000.0;5739000.0;86400.0;2
218;453000.0;5739000.0;86400.0;1
218;453000.0;5739000.0;86400.0;0
370;463000.0;5753000.0;0.0;0
143;447000.0;5763000.0;0.0;0
418;467000.0;5733000.0;0.0;0
355;463000.0;5723000.0;0.0;0
188;451000.0;5737000.0;0.0;0
188;451000.0;5737000.0;0.0;1
188;451000.0;5737000.0;0.0;2
188;451000.0;5737000.0;25012.0;1
188;451000.0;5737000.0;25268.0;0
160;449000.0;5739000.0;0.0;0
160;449000.0;5739000.0;54255.0;1
160;449000.0;5739000.0;56768.0;0
554;477000.0;5715000.0;0.0;0
163;449000.0;5745000.0;0.0;0
562;477000.0;5731000.0;0.0;0
66;443000.0;5725000.0;0.0;0
99;445000.0;5733000.0;0.0;0
399;465000.0;5753000.0;0.0;0
141;447000.0;5759000.0;0.0;0
94;445000.0;5723000.0;0.0;0
94;445000.0;5723000.0;0.0;1
94;445000.0;5723000.0;28158.0;0
516;473000.0;5755000.0;0.0;0
411;467000.0;5719000.0;0.0;0
81;443000.0;5755000.0;0.0;0
309;459000.0;5747000.0;0.0;0
531;475000.0;5727000.0;0.0;0
4;439000.0;5717000.0;0.0;0
4;439000.0;5717000.0;0.0;1
4;439000.0;5717000.0;86400.0;0
387;465000.0;5729000.0;0.0;0
387;465000.0;5729000.0;0.0;1
387;465000.0;5729000.0;25874.0;0
124;447000.0;5725000.0;0.0;0
381;465000.0;5717000.0;0.0;0
381;465000.0;5717000.0;0.0;1
381;465000.0;5717000.0;0.0;2
381;465000.0;5717000.0;0.0;3
381;465000.0;5717000.0;86400.0;2
381;465000.0;5717000.0;86400.0;1
381;465000.0;5717000.0;86400.0;0
155;449000.0;5729000.0;0.0;0
533;475000.0;5731000.0;0.0;0
533;475000.0;5731000.0;0.0;1
533;475000.0;5731000.0;0.0;2
533;475000.0;5731000.0;0.0;3
533;475000.0;5731000.0;86400.0;2
533;475000.0;5731000.0;86400.0;1
533;475000.0;5731000.0;86400.0;0
130;447000.0;5737000.0;0.0;0
294;459000.0;5717000.0;0.0;0
547;475000.0;5759000.0;0.0;0
585;479000.0;5719000.0;0.0;0
33;441000.0;5717000.0;0.0;0
297;459000.0;5723000.0;0.0;0
50;441000.0;5751000.0;0.0;0
563;477000.0;5733000.0;0.0;0
368;463000.0;5749000.0;0.0;0
493;471000.0;5767000.0;0.0;0
199;451000.0;5759000.0;0.0;0
571;477000.0;5749000.0;0.0;0
607;479000.0;5763000.0;0.0;0
607;479000.0;5763000.0;0.0;1
607;479000.0;5763000.0;0.0;2
607;479000.0;5763000.0;86400.0;1
607;479000.0;5763000.0;86400.0;0
503;473000.0;5729000.0;0.0;0
503;473000.0;5729000.0;0.0;1
503;473000.0;5729000.0;60876.0;0
296;459000.0;5721000.0;0.0;0
157;449000.0;5733000.0;0.0;0
157;449000.0;5733000.0;0.0;1
157;449000.0;5733000.0;0.0;2
157;449000.0;5733000.0;0.0;3
157;449000.0;5733000.0;20003.0;2
157;449000.0;5733000.0;21235.0;1
157;449000.0;5733000.0;23158.0;0
157;449000.0;5733000.0;31357.0;1
157;449000.0;5733000.0;31401.0;2
157;449000.0;5733000.0;31805.0;1
157;449000.0;5733000.0;32366.0;2
157;449000.0;5733000.0;53022.0;3
157;449000.0;5733000.0;53626.0;2
157;449000.0;5733000.0;53831.0;1
157;449000.0;5733000.0;54994.0;2
157;449000.0;5733000.0;55365.0;1
157;449000.0;5733000.0;55835.0;2
157;449000.0;5733000.0;56076.0;1
157;449000.0;5733000.0;56117.0;0
157;449000.0;5733000.0;58059.0;1
157;449000.0;5733000.0;58531.0;0
157;449000.0;5733000.0;59282.0;1
157;449000.0;5733000.0;59440.0;2
157;449000.0;5733000.0;60279.0;1
157;449000.0;5733000.0;60279.0;2
157;449000.0;5733000.0;60505.0;3
157;449000.0;5733000.0;60848.0;4
157;449000.0;5733000.0;60915.0;3
157;449000.0;5733000.0;61214.0;2
157;449000.0;5733000.0;62402.0;3
157;449000.0;5733000.0;62495.0;2
157;449000.0;5733000.0;63803.0;3
157;449000.0;5733000.0;63975.0;4
157;449000.0;5733000.0;64261.0;5
157;449000.0;5733000.0;86400.0;4
157;449000.0;5733000.0;86400.0;3
157;449000.0;5733000.0;86400.0;2
157;449000.0;5733000.0;86400.0;1
157;449000.0;5733000.0;86400.0;0
200;451000.0;5761000.0;0.0;0
51;441000.0;5753000.0;0.0;0
263;457000.0;5713000.0;0.0;0
263;457000.0;5713000.0;0.0;1
263;457000.0;5713000.0;86400.0;0
498;473000.0;5719000.0;0.0;0
204;453000.0;5711000.0;0.0;0
495;473000.0;5713000.0;0.0;0
508;473000.0;5739000.0;0.0;0
508;473000.0;5739000.0;0.0;1
508;473000.0;5739000.0;86400.0;0
579;477000.0;5765000.0;0.0;0
460;469000.0;5759000.0;0.0;0
492;471000.0;5765000.0;0.0;0
612;481000.0;5715000.0;0.0;0
425;467000.0;5747000.0;0.0;0
425;467000.0;5747000.0;0.0;1
425;467000.0;5747000.0;86400.0;0
530;475000.0;5725000.0;0.0;0
222;453000.0;5747000.0;0.0;0
397;465000.0;5749000.0;0.0;0
181;451000.0;5723000.0;0.0;0
270;457000.0;5727000.0;0.0;0
158;449000.0;5735000.0;0.0;0
158;449000.0;5735000.0;0.0;1
158;449000.0;5735000.0;0.0;2
158;449000.0;5735000.0;23564.0;1
158;449000.0;5735000.0;25428.0;0
158;449000.0;5735000.0;62771.0;1
158;449000.0;5735000.0;86400.0;0
44;441000.0;5739000.0;0.0;0
437;469000.0;5713000.0;0.0;0
17;439000.0;5743000.0;0.0;0
240;455000.0;5725000.0;0.0;0
92;445000.0;5719000.0;0.0;0
156;449000.0;5731000.0;0.0;0
156;449000.0;5731000.0;0.0;1
156;449000.0;5731000.0;23438.0;0
53;441000.0;5757000.0;0.0;0
365;463000.0;5743000.0;0.0;0
445;469000.0;5729000.0;0.0;0
149;449000.0;5717000.0;0.0;0
64;443000.0;5721000.0;0.0;0
64;443000.0;5721000.0;0.0;1
64;443000.0;5721000.0;86400.0;0
38;441000.0;5727000.0;0.0;0
454;469000.0;5747000.0;0.0;0
178;451000.0;5717000.0;0.0;0
310;459000.0;5749000.0;0.0;0
617;481000.0;5725000.0;0.0;0
564;477000.0;5735000.0;0.0;0
287;457000.0;5761000.0;0.0;0
606;479000.0;5761000.0;0.0;0
606;479000.0;5761000.0;0.0;1
606;479000.0;5761000.0;86400.0;0
532;475000.0;5729000.0;0.0;0
132;447000.0;5741000.0;0.0;0
18;439000.0;5745000.0;0.0;0
215;453000.0;5733000.0;0.0;0
215;453000.0;5733000.0;0.0;1
215;453000.0;5733000.0;0.0;2
215;453000.0;5733000.0;0.0;3
215;453000.0;5733000.0;0.0;4
215;453000.0;5733000.0;0.0;5
215;453000.0;5733000.0;0.0;6
215;453000.0;5733000.0;0.0;7
215;453000.0;5733000.0;0.0;8
215;453000.0;5733000.0;19869.0;9
215;453000.0;5733000.0;21325.0;8
215;453000.0;5733000.0;22817.0;7
215;453000.0;5733000.0;22954.0;6
215;453000.0;5733000.0;23159.0;7
215;453000.0;5733000.0;23506.0;6
215;453000.0;5733000.0;23530.0;5
215;453000.0;5733000.0;23811.0;6
215;453000.0;5733000.0;23832.0;5
215;453000.0;5733000.0;24103.0;6
215;453000.0;5733000.0;24120.0;5
215;453000.0;5733000.0;24264.0;4
215;453000.0;5733000.0;24293.0;3
215;453000.0;5733000.0;24346.0;2
215;453000.0;5733000.0;24428.0;1
215;453000.0;5733000.0;24649.0;0
215;453000.0;5733000.0;30328.0;1
215;453000.0;5733000.0;30399.0;2
215;453000.0;5733000.0;30605.0;3
215;453000.0;5733000.0;30659.0;2
215;453000.0;5733000.0;31478.0;3
215;453000.0;5733000.0;31918.0;2
215;453000.0;5733000.0;32052.0;3
215;453000.0;5733000.0;32158.0;4
215;453000.0;5733000.0;33336.0;5
215;453000.0;5733000.0;34033.0;6
215;453000.0;5733000.0;49452.0;5
215;453000.0;5733000.0;50505.0;4
215;453000.0;5733000.0;50934.0;3
215;453000.0;5733000.0;51465.0;2
215;453000.0;5733000.0;52414.0;1
215;453000.0;5733000.0;52916.0;0
215;453000.0;5733000.0;53773.0;1
215;453000.0;5733000.0;54433.0;2
215;453000.0;5733000.0;54459.0;1
215;453000.0;5733000.0;55048.0;0
215;453000.0;5733000.0;55708.0;1
215;453000.0;5733000.0;55782.0;0
215;453000.0;5733000.0;60881.0;1
215;453000.0;5733000.0;61639.0;2
215;453000.0;5733000.0;61662.0;1
215;453000.0;5733000.0;63170.0;2
215;453000.0;5733000.0;63426.0;3
215;453000.0;5733000.0;63468.0;2
215;453000.0;5733000.0;63494.0;3
215;453000.0;5733000.0;63744.0;4
215;453000.0;5733000.0;63787.0;3
215;453000.0;5733000.0;63946.0;4
215;453000.0;5733000.0;63982.0;3
215;453000.0;5733000.0;65455.0;2
215;453000.0;5733000.0;65724.0;3
215;453000.0;5733000.0;65894.0;2
215;453000.0;5733000.0;66653.0;1
215;453000.0;5733000.0;66778.0;2
215;453000.0;5733000.0;66945.0;3
215;453000.0;5733000.0;67347.0;4
215;453000.0;5733000.0;67349.0;3
215;453000.0;5733000.0;67464.0;4
215;453000.0;5733000.0;67991.0;3
215;453000.0;5733000.0;69167.0;2
215;453000.0;5733000.0;70772.0;1
215;453000.0;5733000.0;71971.0;2
215;453000.0;5733000.0;86400.0;1
215;453000.0;5733000.0;86400.0;0
267;457000.0;5721000.0;0.0;0
441;469000.0;5721000.0;0.0;0
441;469000.0;5721000.0;0.0;1
441;469000.0;5721000.0;86400.0;0
478;471000.0;5737000.0;0.0;0
315;459000.0;5759000.0;0.0;0
301;459000.0;5731000.0;0.0;0
301;459000.0;5731000.0;25638.0;1
301;459000.0;5731000.0;25747.0;0
301;459000.0;5731000.0;29809.0;1
301;459000.0;5731000.0;31005.0;2
301;459000.0;5731000.0;31758.0;3
301;459000.0;5731000.0;55231.0;2
301;459000.0;5731000.0;56116.0;1
301;459000.0;5731000.0;56612.0;0
289;457000.0;5765000.0;0.0;0
73;443000.0;5739000.0;0.0;0
317;459000.0;5763000.0;0.0;0
257;455000.0;5759000.0;0.0;0
169;449000.0;5757000.0;0.0;0
642;483000.0;5717000.0;0.0;0
245;455000.0;5735000.0;0.0;0
245;455000.0;5735000.0;0.0;1
245;455000.0;5735000.0;0.0;2
245;455000.0;5735000.0;0.0;3
245;455000.0;5735000.0;0.0;4
245;455000.0;5735000.0;0.0;5
245;455000.0;5735000.0;0.0;6
245;455000.0;5735000.0;0.0;7
245;455000.0;5735000.0;0.0;8
245;455000.0;5735000.0;0.0;9
245;455000.0;5735000.0;20787.0;10
245;455000.0;5735000.0;22479.0;9
245;455000.0;5735000.0;22497.0;8
245;455000.0;5735000.0;22712.0;7
245;455000.0;5735000.0;22815.0;6
245;455000.0;5735000.0;23299.0;5
245;455000.0;5735000.0;23354.0;4
245;455000.0;5735000.0;23460.0;3
245;455000.0;5735000.0;23794.0;2
245;455000.0;5735000.0;23946.0;1
245;455000.0;5735000.0;24240.0;0
245;455000.0;5735000.0;31613.0;1
245;455000.0;5735000.0;32038.0;2
245;455000.0;5735000.0;32684.0;1
245;455000.0;5735000.0;32763.0;2
245;455000.0;5735000.0;33491.0;1
245;455000.0;5735000.0;52047.0;2
245;455000.0;5735000.0;52339.0;1
245;455000.0;5735000.0;54191.0;0
245;455000.0;5735000.0;60464.0;1
245;455000.0;5735000.0;60929.0;2
245;455000.0;5735000.0;61502.0;3
245;455000.0;5735000.0;61813.0;4
245;455000.0;5735000.0;62245.0;3
245;455000.0;5735000.0;62382.0;4
245;455000.0;5735000.0;62611.0;5
245;455000.0;5735000.0;62622.0;6
245;455000.0;5735000.0;63265.0;7
245;455000.0;5735000.0;63369.0;8
245;455000.0;5735000.0;63570.0;9
245;455000.0;5735000.0;63858.0;8
245;455000.0;5735000.0;64118.0;9
245;455000.0;5735000.0;64221.0;8
245;455000.0;5735000.0;64478.0;7
245;455000.0;5735000.0;64484.0;6
245;455000.0;5735000.0;64688.0;7
245;455000.0;5735000.0;64730.0;8
245;455000.0;5735000.0;64809.0;7
245;455000.0;5735000.0;64922.0;6
245;455000.0;5735000.0;65250.0;7
245;455000.0;5735000.0;65305.0;8
245;455000.0;5735000.0;65572.0;9
245;455000.0;5735000.0;65940.0;8
245;455000.0;5735000.0;66021.0;7
245;455000.0;5735000.0;66140.0;8
245;455000.0;5735000.0;66149.0;7
245;455000.0;5735000.0;66226.0;8
245;455000.0;5735000.0;66424.0;7
245;455000.0;5735000.0;66721.0;6
245;455000.0;5735000.0;66937.0;5
245;455000.0;5735000.0;67139.0;4
245;455000.0;5735000.0;67257.0;5
245;455000.0;5735000.0;67581.0;6
245;455000.0;5735000.0;68362.0;5
245;455000.0;5735000.0;68680.0;6
245;455000.0;5735000.0;68892.0;5
245;455000.0;5735000.0;69041.0;4
245;455000.0;5735000.0;70020.0;3
245;455000.0;5735000.0;86400.0;2
245;455000.0;5735000.0;86400.0;1
245;455000.0;5735000.0;86400.0;0
519;473000.0;5761000.0;0.0;0
519;473000.0;5761000.0;0.0;1
519;473000.0;5761000.0;86400.0;0
80;443000.0;5753000.0;0.0;0
442;469000.0;5723000.0;0.0;0
279;457000.0;5745000.0;0.0;0
186;451000.0;5733000.0;0.0;0
186;451000.0;5733000.0;0.0;1
186;451000.0;5733000.0;0.0;2
186;451000.0;5733000.0;0.0;3
186;451000.0;5733000.0;21722.0;2
186;451000.0;5733000.0;22514.0;1
186;451000.0;5733000.0;24216.0;0
186;451000.0;5733000.0;31610.0;1
186;451000.0;5733000.0;34168.0;2
186;451000.0;5733000.0;50653.0;3
186;451000.0;5733000.0;52453.0;2
186;451000.0;5733000.0;52546.0;1
186;451000.0;5733000.0;54814.0;0
186;451000.0;5733000.0;59846.0;1
186;451000.0;5733000.0;59920.0;0
186;451000.0;5733000.0;61787.0;1
186;451000.0;5733000.0;62470.0;0
186;451000.0;5733000.0;62943.0;1
186;451000.0;5733000.0;63264.0;2
186;451000.0;5733000.0;64277.0;3
186;451000.0;5733000.0;66935.0;2
186;451000.0;5733000.0;69443.0;1
186;451000.0;5733000.0;70545.0;2
186;451000.0;5733000.0;71409.0;1
186;451000.0;5733000.0;86400.0;0
74;443000.0;5741000.0;0.0;0
444;469000.0;5727000.0;0.0;0
444;469000.0;5727000.0;0.0;1
444;469000.0;5727000.0;86400.0;0
62;443000.0;5717000.0;0.0;0
62;443000.0;5717000.0;0.0;1
62;443000.0;5717000.0;0.0;2
62;443000.0;5717000.0;86400.0;1
62;443000.0;5717000.0;86400.0;0
405;465000.0;5765000.0;0.0;0
528;475000.0;5721000.0;0.0;0
326;461000.0;5723000.0;0.0;0
326;461000.0;5723000.0;0.0;1
326;461000.0;5723000.0;86400.0;0
271;457000.0;5729000.0;0.0;0
271;457000.0;5729000.0;0.0;1
271;457000.0;5729000.0;0.0;2
271;457000.0;5729000.0;22544.0;1
271;457000.0;5729000.0;24246.0;0
271;457000.0;5729000.0;30355.0;1
271;457000.0;5729000.0;30726.0;2
271;457000.0;5729000.0;31709.0;3
271;457000.0;5729000.0;31774.0;4
271;457000.0;5729000.0;32959.0;5
271;457000.0;5729000.0;51190.0;6
271;457000.0;5729000.0;51500.0;5
271;457000.0;5729000.0;52401.0;4
271;457000.0;5729000.0;53226.0;5
271;457000.0;5729000.0;53749.0;4
271;457000.0;5729000.0;54957.0;3
271;457000.0;5729000.0;55744.0;2
271;457000.0;5729000.0;56210.0;1
271;457000.0;5729000.0;56259.0;0
271;457000.0;5729000.0;62320.0;1
271;457000.0;5729000.0;64673.0;0
271;457000.0;5729000.0;64689.0;1
271;457000.0;5729000.0;65592.0;2
271;457000.0;5729000.0;68018.0;3
271;457000.0;5729000.0;68354.0;4
271;457000.0;5729000.0;69023.0;5
271;457000.0;5729000.0;72710.0;6
271;457000.0;5729000.0;86400.0;5
271;457000.0;5729000.0;86400.0;4
271;457000.0;5729000.0;86400.0;3
271;457000.0;5729000.0;86400.0;2
271;457000.0;5729000.0;86400.0;1
271;457000.0;5729000.0;86400.0;0
336;461000.0;5743000.0;0.0;0
467;471000.0;5715000.0;0.0;0
576;477000.0;5759000.0;0.0;0
643;483000.0;5719000.0;0.0;0
46;441000.0;5743000.0;0.0;0
371;463000.0;5755000.0;0.0;0
191;451000.0;5743000.0;0.0;0
350;463000.0;5713000.0;0.0;0
412;467000.0;5721000.0;0.0;0
412;467000.0;5721000.0;0.0;1
412;467000.0;5721000.0;0.0;2
412;467000.0;5721000.0;0.0;3
412;467000.0;5721000.0;86400.0;2
412;467000.0;5721000.0;86400.0;1
412;467000.0;5721000.0;86400.0;0
61;443000.0;5715000.0;0.0;0
147;449000.0;5713000.0;0.0;0
473;471000.0;5727000.0;0.0;0
151;449000.0;5721000.0;0.0;0
96;445000.0;5727000.0;0.0;0
366;463000.0;5745000.0;0.0;0
